sequence,frame,silver_label,predicted_label,reference_area_pixels,predicted_area_pixels,iou,reference_center_y_px,reference_center_x_px,predicted_center_y_px,predicted_center_x_px,dy_um,dx_um,offset_um,offset_pixels,reference_equivalent_radius_um,relative_offset_to_radius
01,0,5,4,8729,12249,0.697111884,150.262229,327.724711,146.028247,323.620377,-0.804456608,-0.779823377,1.12039053,5.89679225,10.0152296,0.111868681
01,0,11,6,8146,10760,0.731953096,218.486619,325.196906,221.298699,321.004182,0.53429514,-0.796617617,0.959203276,5.0484383,9.67499763,0.0991424817
01,0,19,9,12033,13399,0.844903881,418.719854,195.977312,417.144862,204.989775,-0.299248514,1.71236796,1.73831922,9.14904853,11.7588709,0.147830454
01,0,23,8,11249,12876,0.813909774,325.876967,316.590986,327.802345,319.977089,0.365821935,0.643359626,0.740092762,3.89522506,11.3693497,0.0650954351
01,0,27,7,8006,11554,0.692920201,293.41319,422.695478,298.769084,426.911113,1.0176199,0.800970582,1.29503055,6.81595027,9.59149837,0.135018586
01,0,32,3,9411,10973,0.767449926,41.7939645,287.786951,44.6251709,297.452748,0.537929209,1.83650128,1.91366266,10.0719088,10.3991191,0.184021613
01,0,34,2,6308,7200,0.856514568,59.3457514,477.292169,60.0459722,475.007222,0.133041951,-0.434139826,0.45406778,2.38983042,8.51382084,0.0533330204
01,11,1,7,12025,18413,0.648237396,206.45921,170.340541,202.873622,187.801608,-0.681261736,3.31760273,3.38682823,17.8254117,11.7549614,0.288119043
01,11,5,5,9207,14527,0.633560465,123.357228,301.11828,122.429614,317.584016,-0.176246731,3.12848992,3.1334505,16.4918448,10.285792,0.304638721
01,11,7,11,12224,14556,0.826365682,303.724804,169.391443,303.35044,174.517519,-0.0711291569,0.973954342,0.976548216,5.13972745,11.8518279,0.0823964225
01,11,11,8,11363,13116,0.866346447,198.171698,356.20558,197.04079,360.748856,-0.214872471,0.863222601,0.889563622,4.6819138,11.4268143,0.0778487864
01,11,15,12,13610,16668,0.812728252,377.988391,92.2622337,383.791157,90.9187665,1.10252551,-0.255258759,1.13168879,5.95625681,12.505692,0.0904938964
01,11,21,13,6601,5216,0.736517267,392.64869,221.307075,400.867715,234.532975,1.56161477,2.51292115,2.9586168,15.5716674,8.70930562,0.339707542
01,11,22,14,5060,4946,0.913925019,426.762451,173.943874,429.836029,173.611403,0.583979919,-0.0631693691,0.587386513,3.09150796,7.62524712,0.0770318002
01,11,23,10,9052,10068,0.835108936,298.812859,311.043305,297.921434,306.241458,-0.16937071,-0.91235098,0.927938978,4.88388936,10.1988437,0.0909847237
01,11,27,9,9574,12640,0.757436709,295.637456,423.669104,293.897627,423.929747,-0.330567515,0.0495221724,0.33425638,1.75924411,10.4887897,0.0318679648
01,11,32,1,8697,10395,0.823147441,38.2415776,283.880648,39.3285233,282.868687,0.206519697,-0.19227271,0.282168709,1.48509847,9.99685516,0.0282257474
01,11,34,4,4165,5340,0.762796736,69.3392557,488.351741,69.3297753,482.818727,-0.00180128006,-1.05127268,1.05127422,5.53302223,6.91808936,0.151960197
01,23,1,8,13365,17960,0.743765308,203.192443,165.762963,196.194822,171.192372,-1.32954801,1.03158771,1.68281642,8.85692854,12.3926204,0.135791816
01,23,5,6,11435,17486,0.647075574,130.496633,387.833144,130.344962,397.691182,-0.0288175774,1.87302716,1.87324883,9.85920437,11.4629593,0.16341756
01,23,7,11,13257,14571,0.909427748,311.624199,171.904503,312.229428,172.725825,0.114993658,0.156051178,0.193844039,1.02023178,12.3424476,0.015705478
01,23,11,7,10316,12550,0.783619345,153.564269,310.065045,158.32996,309.924781,0.905481302,-0.0266501057,0.9058734,4.76775474,10.8876545,0.0832018869
01,23,16,12,5135,5714,0.898669933,346.3889,70.9628043,346.485999,70.2359118,0.0184489225,-0.138109573,0.139336344,0.733349181,7.68155047,0.0181390912
01,23,18,14,5683,6069,0.906244931,414.338906,98.4101707,414.628275,97.0298237,0.054980173,-0.262265928,0.267966857,1.41035188,8.08104439,0.0331599288
01,23,21,13,9443,11294,0.835295159,395.676586,276.900773,394.741633,275.699929,-0.17764109,-0.22816034,0.289159986,1.52189466,10.416784,0.0277590459
01,23,22,15,8124,10206,0.790388748,473.160389,153.515387,470.383304,156.803841,-0.527646156,0.62480633,0.817797907,4.30419951,9.66192411,0.0846413093
01,23,23,9,11837,13424,0.850893904,276.201233,314.92515,278.309222,316.663811,0.400517885,0.330345615,0.519175116,2.73250061,11.6627103,0.0445158203
01,23,27,10,10121,12211,0.820790868,299.194645,412.608636,297.651707,416.584309,-0.293158091,0.755378007,0.810270078,4.26457936,10.7842607,0.0751345041
01,23,32,2,7978,9808,0.788076807,34.6573076,290.850088,38.7612153,290.684849,0.77974247,-0.0313953413,0.780374261,4.10723295,9.57471114,0.0815036871
01,23,34,5,5036,7037,0.714427719,55.6004766,481.08479,59.9630524,476.815689,0.828889415,-0.811129192,1.15973628,6.10387513,7.60714204,0.152453611
01,35,3,6,10196,14087,0.72378789,174.539133,200.202628,176.382977,202.167317,0.350330402,0.373290892,0.511935035,2.69439492,10.8241444,0.0472956582
01,35,4,8,8655,11595,0.746442432,217.577932,92.860543,218.105649,90.9907719,0.10026626,-0.355256519,0.369134823,1.94281486,9.97268728,0.0370145792
01,35,5,5,10115,12488,0.799172172,116.507662,395.362432,118.755766,390.171765,0.427139693,-0.986226756,1.07475185,5.65658867,10.7810636,0.0996888513
01,35,7,11,7920,9723,0.814563406,309.467551,165.985859,310.251774,166.831122,0.149002491,0.160600064,0.21907561,1.15302953,9.53984361,0.0229642769
01,35,11,7,13287,14479,0.843202337,184.097012,325.678182,185.383935,322.620761,0.244515415,-0.58090991,0.630273045,3.31722655,12.3564049,0.0510078011
01,35,16,12,7367,12154,0.606137897,340.906611,54.4589385,337.457463,57.5348856,-0.655338119,0.584429954,0.878081102,4.62147948,9.2007663,0.0954356489
01,35,18,14,10573,15105,0.694581931,415.738674,127.728932,415.399073,127.325455,-0.064524157,-0.0766606373,0.100200899,0.527373152,11.0224409,0.00909062697
01,35,21,13,8615,13106,0.657332519,397.621938,274.608706,395.541431,276.547307,-0.395296344,0.368334158,0.540304777,2.84370935,9.94961567,0.0543040851
01,35,22,15,5719,7028,0.7865452,482.834936,164.090226,480.780023,162.202191,-0.390433548,-0.358726522,0.530210405,2.79058108,8.10659941,0.0654047866
01,35,23,10,13035,16601,0.75860432,279.692443,295.715075,288.176797,296.707488,1.6120271,0.188558413,1.62301745,8.54219711,12.2386688,0.132613888
01,35,27,9,12461,17651,0.705965668,306.014846,438.456143,302.555776,439.855532,-0.657223384,0.265883929,0.708968857,3.73141504,11.9661685,0.059247775
01,35,32,3,9100,11128,0.814658653,47.0597802,316.27011,48.4622574,310.776869,0.266470658,-1.04371574,1.07719504,5.66944758,10.2258487,0.105340405
01,47,3,6,14569,16318,0.802778264,191.242021,193.016748,183.102954,196.998223,-1.54642272,0.756480237,1.72153582,9.06071483,12.9387862,0.133052343
01,47,4,8,11670,14017,0.817390689,218.899829,69.0045416,212.562745,69.7575087,-1.20404584,0.143063764,1.21251542,6.38166008,11.5801475,0.104706387
01,47,5,5,10281,12859,0.79171506,117.36796,457.248711,111.589704,452.971382,-1.09786876,-0.812692568,1.36593741,7.18914427,10.8691691,0.125670822
01,47,8,11,9527,9531,0.88618369,313.628005,121.439593,314.018781,121.564684,0.0742474784,0.0237672762,0.0779587805,0.410309371,10.4630126,0.00745089237
01,47,10,12,11144,13109,0.845457312,319.01678,201.526472,318.557556,199.597605,-0.087252646,-0.36648472,0.376728117,1.98277956,11.3161636,0.0332911516
01,47,11,7,14156,16953,0.830587266,148.900749,327.886055,152.003185,328.132779,0.589462931,0.0468774605,0.591323975,3.11223145,12.7540743,0.0463635355
01,47,16,13,7776,10212,0.758014073,350.627572,50.8627829,354.177536,47.2274775,0.674493201,-0.690708034,0.965411139,5.08111126,9.45271993,0.102130513
01,47,18,15,10317,13287,0.776473245,427.578269,129.738781,428.142997,126.478438,0.107298327,-0.619465186,0.62868915,3.30889026,10.8881822,0.057740506
01,47,21,14,9349,13684,0.683206665,405.567226,288.980212,406.113417,289.557512,0.103776231,0.109687121,0.15099924,0.794732843,10.3648076,0.0145684557
01,47,22,16,5261,6344,0.78730941,485.191599,159.647215,483.850252,162.826923,-0.254855806,0.604144467,0.65569964,3.45105074,7.77522231,0.0843319476
01,47,23,9,14484,15951,0.89744389,289.579812,313.512428,288.756755,313.738261,-0.156380857,0.0429083494,0.16216072,0.853477472,12.9009866,0.0125696371
01,47,27,10,11707,13161,0.889522073,286.017682,444.836935,284.739382,444.166097,-0.242877042,-0.12745929,0.274290226,1.44363277,11.5984906,0.0236487864
01,47,32,4,10975,14421,0.75641469,50.4868337,327.470797,52.1332779,330.754039,0.312824388,0.623815977,0.697857772,3.67293564,11.2300303,0.0621421093
01,59,3,5,15781,19916,0.759166174,171.845384,191.375198,162.777114,197.192157,-1.72297126,1.10522222,2.04698464,10.7736034,13.4662268,0.152008775
01,59,4,8,10803,13982,0.770863104,212.337314,60.3050079,209.277786,59.74553,-0.581310317,-0.106300801,0.590949698,3.11026157,11.1416844,0.0530395294
01,59,5,6,13097,16209,0.80789636,158.816599,434.736886,158.834845,434.321365,0.00346666744,-0.0789491108,0.0790251851,0.415922027,12.2677404,0.00644170665
01,59,8,11,8431,11972,0.703230654,306.475626,120.055154,303.151103,125.190862,-0.631659388,0.975784598,1.16238942,6.11783905,9.84278977,0.118095524
01,59,10,12,11264,13828,0.659853145,333.949929,201.933416,326.816893,212.395863,-1.35527679,1.98786498,2.40590572,12.6626617,11.3769274,0.211472364
01,59,11,7,8963,10539,0.850460195,183.539217,315.603593,182.858525,315.493311,-0.129331348,-0.0209535774,0.131017746,0.689567087,10.1485819,0.012909956
01,59,16,13,8106,10968,0.737949886,347.003084,49.9443622,352.984865,48.551787,1.13653838,-0.264589285,1.16693058,6.14173988,9.65121442,0.120910232
01,59,18,15,12351,15086,0.77528308,445.834426,129.96899,439.119051,124.626674,-1.27592136,-1.01504016,1.63042382,8.58117802,11.9132355,0.136858188
01,59,21,14,12606,15872,0.658590565,391.073298,310.10733,404.916331,297.37626,2.63017612,-2.41890325,3.57336248,18.8071709,12.0355881,0.296899698
01,59,23,9,9324,11718,0.794167804,282.138567,298.104569,282.727855,305.784776,0.111964614,1.45923927,1.46352838,7.70278097,10.3509401,0.141390865
01,59,27,10,9585,11744,0.795672672,295.664267,443.343453,299.338471,445.942779,0.698098689,0.493871936,0.85513231,4.50069637,10.4948135,0.0814814207
01,59,32,4,5998,8101,0.740402419,55.4763254,301.859787,50.8998889,302.869029,-0.869522942,0.191755965,0.890415913,4.68639954,8.30198406,0.107253387
01,59,56,3,7213,12447,0.575951904,39.2928047,439.59573,47.7477304,435.35856,1.60643589,-0.805062231,1.79687547,9.45723931,9.10409185,0.197370095
01,71,3,8,12694,19646,0.645885287,190.27769,211.150465,185.979741,204.222488,-0.816610277,-1.31631558,1.54904456,8.15286612,12.0775241,0.128258454
01,71,4,10,10511,12884,0.811459543,206.146037,56.6703454,199.92122,60.571484,-1.1827153,0.741216345,1.3957855,7.34623945,10.9900757,0.127004175
01,71,6,7,7315,8182,0.818469843,122.919754,458.983185,120.670863,454.562576,-0.427289302,-0.839915681,0.942355824,4.95976749,9.16823697,0.102784846
01,71,8,15,9200,11652,0.706662302,353.299239,116.0575,338.981377,107.588054,-2.72039388,-1.60919482,3.16070417,16.6352851,10.2818811,0.307405244
01,71,10,13,16721,19116,0.860985616,312.661264,186.879373,308.128793,188.531335,-0.861169612,0.313872735,0.916585618,4.82413483,13.8614859,0.0661246293
01,71,12,9,9819,12646,0.768897638,167.299216,347.634382,170.424482,339.960541,0.593800586,-1.45802987,1.57430945,8.28583922,10.6221467,0.148210103
01,71,14,5,8330,9250,0.866043944,81.7037215,349.048619,80.4885405,348.220649,-0.23088438,-0.157314452,0.279384026,1.47044224,9.7836558,0.0285561994
01,71,16,16,11025,10183,0.675462158,326.135692,50.701678,344.100265,37.032898,3.41326897,-2.59706821,4.28895889,22.5734678,11.2555822,0.381051714
01,71,18,19,10839,15270,0.70859237,440.50143,154.752837,449.588474,149.776228,1.72653838,-0.945555725,1.96850461,10.3605506,11.1602333,0.176385615
01,71,21,20,16797,18121,0.778083308,451.360481,285.43859,448.269301,304.184096,-0.587324243,3.56164606,3.60974686,18.9986677,13.8929517,0.259825769
01,71,24,18,7764,8914,0.862631226,356.269706,322.141551,353.549921,324.397577,-0.516759124,0.428644959,0.671398908,3.53367846,9.44542335,0.0710819286
01,71,26,14,8174,9501,0.857398066,268.503425,320.52092,267.897379,322.785181,-0.115148792,0.430209498,0.445353182,2.34396412,9.69161116,0.0459524402
01,71,28,17,10984,15515,0.707960039,377.78842,436.495903,371.174025,436.719691,-1.25673493,0.0425196231,1.25745402,6.61817905,11.234634,0.111926568
01,71,30,12,8178,11644,0.702335967,250.427855,452.76449,239.360529,449.892305,-2.10279198,-0.545715159,2.17245003,11.4339475,9.69398219,0.224102952
01,71,36,6,8550,7589,0.755383946,81.4545029,262.768655,89.6892871,256.130716,1.564609,-1.2612085,2.00963882,10.5770464,9.91200978,0.202747865
01,83,3,9,13516,20429,0.661283218,171.932746,184.071471,175.588771,195.937491,0.694644653,2.25454379,2.35913097,12.4164788,12.4624307,0.189299425
01,83,4,8,7691,11294,0.675935734,180.838383,48.9678845,176.287409,49.9318222,-0.864684923,0.183148157,0.883868352,4.6519387,9.40091379,0.0940194083
01,83,8,13,12234,13475,0.855977476,310.973598,85.0647376,312.511391,85.5572542,0.292180726,0.093578146,0.306800336,1.61473861,11.8566746,0.0258757489
01,83,10,11,18134,20972,0.83046246,305.237841,178.025587,304.428047,176.138423,-0.153860784,-0.358561281,0.390178591,2.05357153,14.4352886,0.0270294971
01,83,12,10,11888,14242,0.834714226,214.857419,381.529189,216.780438,380.682699,0.36537359,-0.160833107,0.399205647,2.10108235,11.6878078,0.0341557333
01,83,14,7,9719,12951,0.750443981,123.596152,349.849985,124.867115,356.374952,0.241482902,1.23974376,1.26304338,6.64759676,10.5679185,0.11951676
01,83,16,15,8836,11216,0.770596026,384.225441,33.1418062,380.804922,33.1791191,-0.649898769,0.00708944499,0.649937435,3.42072334,10.076426,0.06450079
01,83,18,18,14273,16499,0.792926645,447.268759,157.563091,448.200073,148.70677,0.176949572,-1.682701,1.69197926,8.90515398,12.8066723,0.13211701
01,83,21,19,12336,16398,0.744838475,462.514997,293.000243,457.95536,304.936029,-0.866330906,2.26779926,2.42764139,12.77706,11.9059991,0.203900687
01,83,24,17,7989,8949,0.885981517,366.536362,319.001127,366.717846,316.553023,0.0344817835,-0.465139734,0.466416087,2.45482151,9.58130963,0.0486797843
01,83,26,14,9167,10223,0.882524272,282.221883,280.63674,281.439108,281.801722,-0.14872724,0.221346414,0.266672134,1.40353755,10.2634242,0.0259827644
01,83,28,16,10428,15769,0.660876181,389.777618,428.915036,382.271102,438.239204,-1.42623812,1.77159174,2.2743554,11.9702916,10.9465982,0.207768237
01,83,30,12,7184,8165,0.868638909,267.040367,470.89755,267.487201,469.288181,0.0848984574,-0.305780081,0.317347138,1.6702481,9.08577183,0.0349279229
01,83,36,6,7638,9479,0.801979156,91.4629484,254.587719,95.2363118,258.112987,0.716939052,0.669800788,0.98113949,5.16389205,9.36846614,0.104727869
01,83,40,3,3077,4188,0.696637085,29.5485863,234.614235,27.6284623,227.67574,-0.364823562,-1.31831394,1.36786252,7.19927644,5.94623971,0.230038241
01,83,43,4,3733,4576,0.788420146,26.8548085,314.057594,30.3881119,315.863199,0.67132765,0.343064926,0.753906067,3.96792667,6.54949266,0.115109079
02,0,1,4,10447,15449,0.67589956,195.214894,190.771513,186.762315,186.94511,-1.60599011,-0.727016691,1.76288329,9.27833311,10.9565661,0.160897427
02,0,5,6,11537,14733,0.766287904,285.23455,150.683453,288.962533,143.556709,0.708316842,-1.35408132,1.52815215,8.04290603,11.5139705,0.132721562
02,0,9,7,13352,15764,0.845471256,338.589724,244.966447,340.965808,244.579104,0.451455919,-0.0735951103,0.457415224,2.40744855,12.3865918,0.0369282552
02,0,13,5,14196,16561,0.818219437,228.617427,322.227106,231.24612,322.094499,0.499451662,-0.0251953495,0.500086761,2.63203558,12.7720809,0.0391546817
02,0,18,3,14226,17815,0.798540556,171.401448,393.9044,171.489924,393.85355,0.016810472,-0.0096615028,0.0193890847,0.102047814,12.7855692,0.00151648193
02,0,22,8,9020,11603,0.777385159,358.333592,414.951552,356.986728,415.575282,-0.255904245,0.118508728,0.282012945,1.48427866,10.1808006,0.0277004683
02,0,23,9,10812,13394,0.776456774,429.177118,339.064003,427.450052,335.912946,-0.328142493,-0.598700804,0.682729924,3.59331539,11.1463245,0.0612515743
02,0,26,10,7945,9956,0.763992905,484.420768,207.774575,477.221073,206.028827,-1.36794206,-0.33169219,1.40758133,7.40832277,9.55488832,0.147315309
02,0,28,1,15097,15785,0.75955786,49.8232761,73.987216,60.5634463,67.4817232,2.04063233,-1.23604364,2.38578796,12.5567787,13.171159,0.181137284
02,11,1,5,10325,13887,0.743501116,189.991671,211.600387,190.787499,213.985238,0.151207396,0.453121611,0.477684907,2.51413109,10.8924028,0.0438548697
02,11,5,7,11469,15760,0.727728426,269.550179,152.272386,269.565609,149.083376,0.00293177493,-0.605912052,0.605919145,3.18904813,11.4799882,0.0527804676
02,11,9,9,12892,17412,0.740408913,338.455864,241.42825,338.593441,245.721571,0.0261396686,0.815731038,0.816149746,4.29552498,12.1713517,0.06705498
02,11,13,6,11205,14317,0.782636027,225.88871,333.915841,222.555074,331.702941,-0.633390842,-0.420451111,0.760238841,4.00125706,11.3470925,0.0669985585
02,11,18,4,17694,22479,0.785387316,151.521024,420.182887,152.232172,418.444504,0.135118153,-0.330292788,0.356861655,1.87821924,14.2590856,0.0250269664
02,11,22,8,8993,13574,0.662516576,332.653731,425.713221,331.506851,427.515839,-0.217907076,0.342497365,0.405940807,2.13653056,10.1655519,0.0399329826
02,11,23,10,11226,13667,0.817936172,413.844735,354.930518,416.475086,355.521548,0.499766602,0.112295665,0.512227462,2.69593401,11.3577207,0.0450994946
02,11,26,11,8460,12124,0.661742149,479.132033,215.803191,469.340647,215.040416,-1.86036342,-0.144927399,1.86600001,9.82105266,9.8597033,0.189255189
02,11,28,1,12756,14846,0.851489133,52.6406397,67.9516306,55.5376532,68.8281018,0.550432573,0.166529536,0.575072259,3.0266961,12.1069826,0.0474992222
02,23,1,5,12884,15981,0.795868848,183.617743,185.962977,184.693761,189.145861,0.204443497,0.604747841,0.638370656,3.35984556,12.1675747,0.0524649053
02,23,5,7,13874,16332,0.841380151,268.747081,124.880712,269.631827,120.163054,0.168101781,-0.896355019,0.91198165,4.79990342,12.626399,0.0722281664
02,23,9,8,18561,22898,0.758227311,341.733204,240.926566,336.449079,242.632282,-1.00398385,0.324086009,1.05499541,5.5526074,14.6042531,0.0722389156
02,23,13,6,13158,15965,0.819960005,205.829685,332.848381,213.380144,329.2513,1.43458715,-0.683445484,1.58906829,8.36351732,12.2962761,0.12923167
02,23,18,4,17972,21489,0.833860024,148.894558,423.026764,146.258039,421.551445,-0.500938649,-0.280310597,0.574032717,3.02122483,14.3706651,0.0399447563
02,23,22,9,14139,16672,0.830283949,328.754862,408.93868,324.797445,412.270573,-0.751909348,0.633059702,0.982920268,5.17326457,12.7464138,0.0771134758
02,23,23,10,14348,16620,0.859604876,419.306105,344.2799,421.722443,346.129783,0.459104117,0.351477914,0.578198335,3.04314913,12.8402757,0.0450300561
02,23,26,11,9537,12095,0.765157079,479.544721,216.203838,470.074742,213.543613,-1.799296,-0.505442678,1.86894044,9.83652866,10.4685024,0.178529877
02,23,28,1,6376,7143,0.867007319,32.1485257,97.3900565,34.6351673,97.2914742,0.472461899,-0.0187306353,0.472833039,2.48859494,8.55958716,0.0552401687
02,35,1,6,15761,16093,0.770650361,185.08851,158.834846,179.913254,169.767477,-0.983298526,2.0771999,2.29818089,12.0956889,13.4576909,0.170770819
02,35,5,8,15073,17669,0.820820821,271.007563,110.859218,275.661667,109.744015,0.884279786,-0.21188867,0.909311579,4.78585042,13.1606856,0.069093025
02,35,9,9,18302,21080,0.866180164,329.187575,245.400393,329.210484,244.855693,0.00435266109,-0.103493152,0.103584643,0.545182329,14.5020013,0.00714278259
02,35,13,7,15967,18847,0.845036833,212.842926,330.691551,209.467661,326.701438,-0.641300426,-0.758121552,0.99298264,5.22622442,13.545353,0.0733079928
02,35,18,5,19961,22045,0.853832914,138.113471,427.568208,140.766069,432.939442,0.503993646,1.02053447,1.13820042,5.99052853,15.1450186,0.0751534513
02,35,22,10,13273,16386,0.799805813,326.42869,421.222708,325.36165,424.971317,-0.20273753,0.712235753,0.740528375,3.89751776,12.3498935,0.0599623289
02,35,23,11,18713,20394,0.859139529,419.546251,336.342169,422.377856,334.372561,0.538004943,-0.374225518,0.655357961,3.44925243,14.6639298,0.044691837
02,35,26,12,9998,11589,0.831735257,471.638628,207.265753,465.029597,206.502546,-1.25571583,-0.14500945,1.26406091,6.65295217,10.7185301,0.117932301
02,35,44,2,7766,11199,0.684131072,42.0627092,94.5024466,49.137423,105.001607,1.34419561,1.99484054,2.40546266,12.6603298,9.44663984,0.254636855
02,35,45,1,5780,6911,0.832635379,65.0818339,25.7110727,70.7748517,28.0099841,1.08167338,0.43679317,1.16653571,6.13966164,8.14971805,0.143138168
02,47,1,6,8632,9936,0.867632267,178.400602,173.44057,180.684783,176.988325,0.433994238,0.674073509,0.801701998,4.2194842,9.95942764,0.0804967943
02,47,5,9,18029,22132,0.813547076,259.905042,103.816296,266.283436,98.0870685,1.21189484,-1.08855322,1.62899883,8.57367808,14.3934361,0.113176508
02,47,9,10,26597,31721,0.824147638,319.916118,247.875475,320.311497,248.187352,0.0751219637,0.0592567344,0.0956800397,0.503579157,17.482156,0.00547301144
02,47,16,7,5043,5707,0.865347909,168.663494,380.310331,171.578412,380.997021,0.55383452,0.130471109,0.568995066,2.99471088,7.61242714,0.0747455517
02,47,17,8,5200,7738,0.672008271,196.350385,309.290385,197.987852,312.79465,0.311118833,0.665810381,0.734913867,3.86796772,7.730015,0.0950727609
02,47,18,5,16752,18248,0.833036556,122.667144,446.13479,117.868369,442.884426,-0.911767266,-0.617569195,1.1012317,5.79595632,13.8743293,0.0793718875
02,47,22,11,18056,21830,0.827118644,297.152415,429.159338,295.891571,431.851031,-0.239560261,0.511421684,0.564748845,2.97236234,14.4042098,0.0392072077
02,47,23,12,22136,23263,0.852717924,423.738706,332.802494,429.429222,330.346043,1.08119808,-0.466725615,1.1776341,6.19807422,15.9488083,0.073838376
02,47,26,13,8666,10826,0.784001464,467.51027,189.685322,464.338906,185.401995,-0.6025591,-0.813832083,1.01262043,5.32958119,9.97902262,0.10147491
02,47,35,3,4074,6100,0.642292171,21.8242514,221.756505,23.9604918,218.24541,0.405885686,-0.667108017,0.780881743,4.10990391,6.84209621,0.114129021
02,47,44,2,8677,12383,0.692109915,54.1591564,97.8511006,63.5304046,108.279092,1.78053716,1.98131842,2.66381967,14.0201035,9.98535394,0.266772684
02,47,45,1,5564,8175,0.672428484,68.1964414,27.4888569,75.7504587,32.226422,1.43526329,0.900137365,1.69417472,8.91670905,7.99598969,0.211878052
02,59,2,7,11097,12350,0.868137997,165.903758,102.565738,164.018381,101.795628,-0.358221669,-0.146321082,0.386952999,2.03659473,11.2922753,0.0342670532
02,59,4,8,10305,12790,0.78092227,179.45968,199.637846,176.96466,197.554887,-0.474053777,-0.395762224,0.617539247,3.25020656,10.8818482,0.0567494819
02,59,6,12,9565,12041,0.787688234,292.758495,41.1173027,297.010298,42.355037,0.807842691,0.235169515,0.841376559,4.42829768,10.4838585,0.0802544747
02,59,8,13,8270,8383,0.800908403,259.76179,137.019226,265.287487,137.802815,1.04988243,0.14888193,1.06038622,5.58098011,9.74835687,0.108775893
02,59,9,11,26139,30414,0.850314095,318.932897,221.75175,317.931347,227.076346,-0.190294462,1.01167327,1.02941478,5.41797252,17.3309811,0.0593973747
02,59,16,6,9742,9042,0.709190173,176.045473,367.191336,162.353683,362.405109,-2.60144018,-0.909383129,2.75580635,14.504244,10.5804156,0.260462959
02,59,17,9,9777,11935,0.774146102,212.03498,322.551192,204.339254,317.128865,-1.46218789,-1.03024211,1.7886845,9.41412895,10.5994046,0.168753299
02,59,18,5,8458,8932,0.887550201,113.65973,412.820761,112.978952,416.990708,-0.129347887,0.79228977,0.802778896,4.22515208,9.85853778,0.0814298138
02,59,22,10,17249,22403,0.768520583,310.522175,430.036002,304.969201,431.701379,-1.05506518,0.316421667,1.10149227,5.79732771,14.0786375,0.078238556
02,59,23,14,23886,27438,0.868297477,432.625848,293.463242,432.455573,294.673774,-0.0323522905,0.230000991,0.232265208,1.22244846,16.5672482,0.0140195405
02,59,26,15,8987,10888,0.80141394,476.118838,139.392456,471.807403,135.355253,-0.819172779,-0.767068433,1.12224686,5.90656244,10.1621602,0.110433889
02,59,44,2,8397,9486,0.674751826,39.9517685,124.053471,44.7308665,128.67004,0.90802863,0.87714803,1.26249937,6.64473353,9.82292303,0.128525833
02,59,45,1,9691,11330,0.799897251,62.51068,44.967186,71.4143866,51.4600177,1.69170425,1.233638,2.09373494,11.0196576,10.5526847,0.198407799
02,71,2,6,10300,13351,0.762895051,163.049029,89.2490291,163.184106,80.3190772,0.0256646173,-1.69669086,1.69688496,8.93097345,10.8792079,0.155975046
02,71,4,8,10474,12493,0.829894032,179.462288,193.295971,177.255023,198.01873,-0.419380304,0.897324308,0.990490157,5.21310609,10.9707154,0.0902849194
02,71,6,12,6933,11019,0.624615385,328.538728,31.6275782,320.390417,40.0311281,-1.54817914,1.59667446,2.22401169,11.7053247,8.92563791,0.249171175
02,71,8,10,9463,11372,0.832131551,257.895593,105.428934,258.17719,104.963771,0.0535032827,-0.0883809847,0.103314083,0.543758331,10.4278094,0.00990755381
02,71,9,11,23038,31533,0.727695815,322.877159,214.612163,330.657089,214.47788,1.47818669,-0.0255136177,1.47840685,7.7810887,16.2705057,0.0908642226
02,71,16,7,8666,12880,0.671269004,168.171475,382.297946,177.188276,394.115217,1.71319232,2.24528157,2.82423746,14.8644077,9.97902262,0.283017442
02,71,17,9,13379,15980,0.832761096,208.648853,321.9488,209.368773,323.113579,0.13678495,0.221308032,0.26016796,1.36930505,12.3991094,0.0209827942
02,71,19,5,11148,13604,0.76964324,77.0408145,396.122443,75.0730667,394.428697,-0.373872073,-0.321811749,0.493298214,2.59630639,11.3181943,0.0435845332
02,71,20,4,8519,10012,0.834934152,81.8496302,480.197793,84.3501798,478.296644,0.475104414,-0.361218337,0.596827354,3.1411966,9.89402432,0.0603220019
02,71,22,13,16894,20653,0.817904522,334.940926,419.191902,332.533675,421.728805,-0.457377553,0.482011395,0.664476644,3.4972455,13.9330087,0.0476908223
02,71,24,15,7741,9701,0.79425985,444.733626,276.914998,446.857437,274.089578,0.403524134,-0.536829737,0.671578657,3.53462451,9.43142246,0.0712065079
02,71,25,14,10297,13123,0.782886724,440.945033,353.047684,441.842185,357.269755,0.170459059,0.802193604,0.820104182,4.3163378,10.8776235,0.075393691
02,71,26,16,5566,9556,0.563320583,490.369565,149.474668,478.052637,145.843658,-2.34021634,-0.689891746,2.43978752,12.840987,7.99742665,0.305071572
02,71,44,2,10313,11128,0.817650051,48.4855037,128.553282,55.3371675,137.506919,1.30181612,1.70119107,2.14214291,11.2744364,10.8860713,0.196778329
02,71,45,1,10090,10418,0.843581446,69.8663033,39.8742319,65.4240737,41.0894605,-0.844023615,0.230893441,0.875035796,4.60545156,10.7677322,0.0812646317
02,83,2,8,12347,16758,0.703740561,176.151373,74.0111768,186.857501,65.8893663,2.03416434,-1.543144,2.55325634,13.4381913,11.9113062,0.214355697
02,83,4,6,14725,17468,0.840336134,164.18146,195.828795,167.814403,196.697619,0.690259242,0.165076548,0.709723952,3.73538922,13.0078738,0.0545611035
02,83,6,13,6453,8009,0.800323665,327.328064,27.111421,328.339243,29.7728805,0.192123988,0.505677298,0.540944689,2.84707731,8.61111714,0.0628193393
02,83,8,12,11403,15220,0.740861832,295.3072,119.774182,292.60138,125.049277,-0.514105818,1.00226806,1.12643067,5.92858246,11.4469089,0.0984047901
02,83,11,15,13807,17161,0.804451696,376.175273,197.268777,376.30511,194.499097,0.0246690324,-0.526239184,0.526817084,2.7727215,12.5958746,0.0418245737
02,83,12,10,12261,13727,0.837906648,267.363837,294.493761,266.408465,293.87113,-0.181520582,-0.118299855,0.216666974,1.14035249,11.8697511,0.0182537083
02,83,16,7,10045,11576,0.86629262,154.356794,416.943952,154.733328,417.666897,0.0715412983,0.137359515,0.154873476,0.815123558,10.7436941,0.0144152909
02,83,17,9,12253,14976,0.816477652,211.798417,358.827226,209.815638,362.381878,-0.376727888,0.67538382,0.77334805,4.07025289,11.8658781,0.0651741106
02,83,19,4,10536,13894,0.730660244,53.5328398,402.884396,62.1121347,392.35339,1.63006604,-2.00089122,2.58082951,13.5833132,11.0031376,0.23455396
02,83,21,5,6540,8043,0.771286287,79.324159,486.728135,71.7831655,484.773219,-1.43278877,-0.371433966,1.48015096,7.79026819,8.66897077,0.170741256
02,83,22,14,8554,10032,0.852671451,330.489362,447.067571,330.52173,446.741926,0.00615006447,-0.0618725291,0.0621774328,0.327249646,9.91432811,0.00627147216
02,83,24,17,11758,14282,0.810596579,461.870896,250.26331,457.053774,250.405826,-0.915253262,0.0270779313,0.915653727,4.81923014,11.6237268,0.0787745398
02,83,25,16,13617,19735,0.685551119,434.062936,360.47896,413.836939,357.712997,-3.84293935,-0.525532953,3.87870697,20.4142472,12.5089076,0.310075596
02,83,27,18,6406,7853,0.789982425,481.54449,116.589603,476.64816,115.04546,-0.930302624,-0.293387201,0.975468617,5.13404535,8.57970058,0.113694949
02,83,36,3,3377,4128,0.760497302,19.6230382,225.740302,24.9278101,223.422481,1.00790666,-0.44038607,1.09991623,5.78903281,6.22937097,0.17656939
02,83,44,2,8236,10698,0.767880486,49.3488344,126.784604,45.3033277,129.46962,-0.768646266,0.510153099,0.922536323,4.85545433,9.72829728,0.0948301944
02,83,45,1,11017,10966,0.867873226,66.9088681,45.9286557,72.4130038,43.2394674,1.04578579,-0.510945771,1.16393019,6.12594838,11.2514978,0.103446689
