sequence,track_id,duration,observations,displacement,path_length,mean_speed,directional_persistence,parent_count,child_count,descendant_count,phenotype_reliability_score,track_integrity_score
01,0,67,68,8.566473292264137,121.49026861940084,1.813287591334341,0.0705116005554386,0,0,0,0.7388047915876705,0.9132990894750062
01,1,33,34,0.9698601937729808,64.94094464786751,1.9679074135717427,0.0149344947017925,0,0,0,0.3282069509727309,0.9101773084858517
01,2,3,4,9.048425916369265,9.434342103249588,3.144780701083196,0.9590945311653054,0,0,0,0.4682400634123794,0.7396209455337536
01,3,1,2,0.9076933530868616,0.9076933530868616,0.9076933530868616,1.0,0,0,0,0.5286160750050358,0.9606514425566982
01,4,72,73,9.916533558196274,226.8642095453529,3.150891799241013,0.0437113177881583,0,0,0,0.4414428872077797,0.8262371750618336
01,5,83,84,10.00773865503476,201.21104288902836,2.424229432397932,0.0497375219140145,0,0,0,0.523831436138895,0.8794421530269616
01,6,76,77,17.6028745697652,229.21650288126355,3.0160066168587307,0.0767958430064857,0,0,0,0.433203942774971,0.842685612890505
01,7,2,3,1.6764587517074243,1.6778541570418044,0.8389270785209022,0.9991683393169044,0,0,0,0.5360312257526522,0.9637462541515834
01,8,0,1,0.0,0.0,0.0,0.0,0,0,0,0.0,0.0
01,9,15,16,5.1030121540465085,40.77288768270663,2.718192512180442,0.1251569963294725,0,0,0,0.520227222940298,0.8707581078534895
01,10,0,1,0.0,0.0,0.0,0.0,0,0,0,0.0,0.0
01,11,0,1,0.0,0.0,0.0,0.0,0,0,0,0.0,0.0
01,12,0,1,0.0,0.0,0.0,0.0,0,0,0,0.0,0.0
01,13,0,1,0.0,0.0,0.0,0.0,0,0,0,0.0,0.0
01,14,0,1,0.0,0.0,0.0,0.0,0,0,0,0.0,0.0
01,15,77,78,7.022864389363022,131.594473232673,1.7090191328918574,0.053367472180582,0,0,0,0.6442063025643766,0.9190033224678504
01,16,77,78,17.367554904989873,90.40543019792486,1.1740964960769462,0.192107430571007,0,0,0,0.6506806788745216,0.9443457023076206
01,17,77,78,9.711779543756055,75.91223790490612,0.9858732195442352,0.1279343069285064,0,0,0,0.640974349084203,0.95294718291081
01,18,43,44,15.39688799602218,37.46674322673112,0.8713196099239795,0.4109481281265215,0,0,0,0.3945324219845982,0.9622909149512188
01,19,4,5,6.811509288878579,13.283163249416702,3.320790812354176,0.5127927106653372,0,0,0,0.5860080712556504,0.8362975504130673
01,20,0,1,0.0,0.0,0.0,0.0,0,0,0,0.0,0.0
01,21,0,1,0.0,0.0,0.0,0.0,0,0,0,0.0,0.0
01,22,72,73,17.22157862632933,94.13496916812504,1.30743012733507,0.1829456022402428,0,0,0,0.688637854256785,0.9422532462533744
01,23,1,2,1.534847708180365,1.534847708180365,1.534847708180365,1.0,0,0,0,0.581328615979947,0.9314572430946414
01,24,0,1,0.0,0.0,0.0,0.0,0,0,0,0.0,0.0
01,25,57,58,20.006688896425388,171.5854500082756,3.010271052776765,0.1165989825795862,0,0,0,0.4894664615036753,0.8339294807761857
01,26,0,1,0.0,0.0,0.0,0.0,0,0,0,0.0,0.0
01,27,0,1,0.0,0.0,0.0,0.0,0,0,0,0.0,0.0
01,28,61,62,11.173537049810214,76.36785655242532,1.2519320746299234,0.14631204218937,0,0,0,0.6969719729073846,0.9448506209845364
01,29,2,3,0.3266191377948013,0.5161794769290828,0.2580897384645414,0.632762735430636,0,0,0,0.3983240162741335,0.989128499677174
01,30,1,2,0.5433669905641976,0.5433669905641976,0.5433669905641976,1.0,0,0,0,0.4840817638855865,0.9768268623663724
01,31,0,1,0.0,0.0,0.0,0.0,0,0,0,0.0,0.0
01,32,0,1,0.0,0.0,0.0,0.0,0,0,0,0.0,0.0
01,33,0,1,0.0,0.0,0.0,0.0,0,0,0,0.0,0.0
01,34,53,54,14.671529441803452,47.92460417442721,0.9042378146118342,0.3061377280948362,0,0,0,0.5249826149076332,0.96080743454483
01,35,0,1,0.0,0.0,0.0,0.0,0,0,0,0.0,0.0
01,36,2,3,1.628169396706009,1.6478078750162084,0.8239039375081042,0.9880820582253824,0,0,0,0.5376891686455861,0.964419727854794
01,37,0,1,0.0,0.0,0.0,0.0,0,0,0,0.0,0.0
01,38,8,9,2.7250369487608204,14.367612415664832,1.7959515519581042,0.189665260303775,0,0,0,0.587004037025243,0.9187451606904782
01,39,47,48,6.378720450910079,65.73210393242994,1.398555402817658,0.0970411727193025,0,0,0,0.4424988275545955,0.93795715054076
01,40,4,5,10.392857453781716,15.02057096934726,3.7551427423368153,0.6919082819814639,0,0,0,0.4624215321966379,0.8095761422147898
01,41,1,2,0.621405932642005,0.621405932642005,0.621405932642005,1.0,0,0,0,0.4942904005517357,0.9734071765004711
01,42,0,1,0.0,0.0,0.0,0.0,0,0,0,0.0,0.0
01,43,4,5,3.338422534621877,7.579679941144018,1.8949199852860048,0.4404437338442554,0,0,0,0.8203621958513012,0.9138336046317972
01,44,0,1,0.0,0.0,0.0,0.0,0,0,0,0.0,0.0
01,45,0,1,0.0,0.0,0.0,0.0,0,0,0,0.0,0.0
01,46,2,3,3.0036414921489456,5.040193878184607,2.520096939092304,0.5959376890538993,0,0,0,0.7525190058987526,0.8815107840257584
01,47,0,1,0.0,0.0,0.0,0.0,0,0,0,0.0,0.0
01,48,0,1,0.0,0.0,0.0,0.0,0,0,0,0.0,0.0
01,49,12,13,1.0387378985119529,16.790785968450482,1.3992321640375402,0.0618635661525147,0,0,0,0.4195327936167883,0.9379250972172288
01,50,0,1,0.0,0.0,0.0,0.0,0,0,0,0.0,0.0
01,51,0,1,0.0,0.0,0.0,0.0,0,0,0,0.0,0.0
01,52,0,1,0.0,0.0,0.0,0.0,0,0,0,0.0,0.0
01,53,3,4,2.9456096747908016,6.002528628198148,2.000842876066049,0.4907281342987982,0,0,0,0.8267039859011704,0.908517749772121
01,54,23,24,5.951683656708226,51.14389850538199,2.2236477611035648,0.1163713332506695,0,0,0,0.4795981037641836,0.8971283076866648
01,55,0,1,0.0,0.0,0.0,0.0,0,0,0,0.0,0.0
01,56,5,6,2.0448461464848044,10.242109452312544,2.048421890462509,0.1996508781716937,0,0,0,0.5910227673528311,0.9061095692116172
01,57,0,1,0.0,0.0,0.0,0.0,0,0,0,0.0,0.0
01,58,14,15,3.057446012341259,32.09361525677796,2.292401089769854,0.0952664879876861,0,0,0,0.5181909580124126,0.8935547197969712
01,59,19,20,7.911891669071959,36.59322765356413,1.9259593501875856,0.2162119106840074,0,0,0,0.5391515693967951,0.912282272432304
01,60,18,19,4.8742702551693045,29.133242506409815,1.6185134725783232,0.1673095692694309,0,0,0,0.5386042640207577,0.9274217779694304
01,61,18,19,7.49149196051009,52.28523924517876,2.904735513621042,0.1432812026618178,0,0,0,0.4756979121837034,0.8603838473979835
01,62,15,16,7.749828956249617,67.80786507299149,4.520524338199433,0.114291003674977,0,0,0,0.3091963580849998,0.6832428266132266
01,63,0,1,0.0,0.0,0.0,0.0,0,0,0,0.0,0.0
01,64,0,1,0.0,0.0,0.0,0.0,0,0,0,0.0,0.0
01,65,10,11,5.619335023973518,43.40479435772999,4.340479435772999,0.129463463820622,0,0,0,0.3780478660946846,0.7439188639237408
01,66,1,2,1.0116909431472352,1.0116909431472352,1.0116909431472352,1.0,0,0,0,0.5397038572526045,0.9559328192064768
01,67,5,6,3.5388318031041224,7.640111068336541,1.5280222136673085,0.463191146234818,0,0,0,0.806434548990342,0.9317849188136672
01,68,5,6,2.792755606379354,7.426650387778959,1.4853300775557918,0.3760451159751665,0,0,0,0.7259055772190717,0.9338292572541328
01,69,0,1,0.0,0.0,0.0,0.0,0,0,0,0.0,0.0
01,70,6,7,2.0801956577929426,5.1504592637685125,0.858409877294752,0.4038854694815885,0,0,0,0.5502765378620315,0.9628714537586264
01,71,6,7,5.429080658198886,21.788294519847973,3.631382419974662,0.2491741909057307,0,0,0,0.4877377353383417,0.7691734151499348
01,72,1,2,0.5055972527262288,0.5055972527262288,0.5055972527262288,1.0,0,0,0,0.4790231917199187,0.978473377437308
01,73,0,1,0.0,0.0,0.0,0.0,0,0,0,0.0,0.0
01,74,3,4,5.173754897541512,6.0138562666952105,2.0046187555650703,0.8603057120260443,0,0,0,0.6828955436101082,0.908327102239598
01,75,0,1,0.0,0.0,0.0,0.0,0,0,0,0.0,0.0
01,76,1,2,0.9307462654180864,0.9307462654180866,0.9307462654180866,1.0,0,0,0,0.5311428387133906,0.9596094754250216
01,77,1,2,1.0293730399319163,1.0293730399319163,1.0293730399319163,1.0,0,0,0,0.5415074043556172,0.9551258918705844
01,78,0,1,0.0,0.0,0.0,0.0,0,0,0,0.0,0.0
02,0,28,29,0.935544554210084,25.23349981326664,0.90119642190238,0.0370754973005455,0,0,0,0.5915793489768774,0.9609446890189454
02,1,18,19,1.1366621955661085,10.999427835492572,0.6110793241940318,0.1033383020067976,0,0,0,0.7711733091594027,0.9738610709663074
02,2,17,18,7.233528582546897,37.04577220844735,2.179163071085138,0.1952592199143705,0,0,0,0.6366771067392223,0.8626724480130197
02,3,3,4,6.0356435617084,6.880987188531552,2.2936623961771843,0.8771479144399404,0,0,0,0.5801538196384015,0.8934888935571201
02,4,57,58,12.77695924729073,100.06105644738976,1.7554571306559603,0.1276916285009305,0,0,0,0.8168335990347724,0.9153234986242564
02,5,15,16,1.92964601622494,17.874016427230117,1.1916010951486744,0.1079581650873514,0,0,0,0.6550168607079506,0.947658077502538
02,6,15,16,2.5737842990081585,19.02316969426763,1.2682113129511754,0.1352973421555364,0,0,0,0.5833872587486019,0.9440902140009868
02,7,83,84,7.768550853493315,152.47655031133723,1.8370668712209304,0.0509491514441463,0,0,0,0.572041344667029,0.9167110988141998
02,8,68,69,10.388609723485152,105.98112009329888,1.5585458837249837,0.0980232112506425,0,0,0,0.8187642498326735,0.9257348360866016
02,9,15,16,2.1480424312849618,19.56080103729103,1.3040534024860686,0.109813623030565,0,0,0,0.6066112002389756,0.9424116903712038
02,10,0,1,0.0,0.0,0.0,0.0,0,0,0,0.0,0.0
02,11,0,1,0.0,0.0,0.0,0.0,0,0,0,0.0,0.0
02,12,2,3,5.042876576139864,5.486910451669977,2.7434552258349885,0.9190739707816866,0,0,0,0.5362964868606461,0.8693676193555906
02,13,10,11,7.317887167383167,21.10302599645745,2.110302599645745,0.3467695660618347,0,0,0,0.8115625233591102,0.9029582390840788
02,14,0,1,0.0,0.0,0.0,0.0,0,0,0,0.0,0.0
02,15,0,1,0.0,0.0,0.0,0.0,0,0,0,0.0,0.0
02,16,0,1,0.0,0.0,0.0,0.0,0,0,0,0.0,0.0
02,17,0,1,0.0,0.0,0.0,0.0,0,0,0,0.0,0.0
02,18,66,67,17.464562499258165,140.20218164938066,2.1242754795360708,0.1245669810112781,0,0,0,0.5809078502277535,0.8976636103455022
02,19,56,57,16.825129440760556,84.7906983225104,1.5141196129019714,0.1984313111417527,0,0,0,0.6252420392039811,0.9324516376769776
02,20,1,2,1.302868615781016,1.302868615781016,1.302868615781016,1.0,0,0,0,0.4320577626268284,0.9424672708121368
02,21,65,66,4.289432784264951,142.0953155027005,2.186081776964623,0.0301870105224083,0,0,0,0.607251533797151,0.8990689045069211
02,22,9,10,4.040083149460488,26.94176834985476,2.9935298166505286,0.1499561237776832,0,0,0,0.5564749386106554,0.8224251351397042
02,23,63,64,11.771156751251532,86.79896414921438,1.3777613357018157,0.1356140233541954,0,0,0,0.7968406879598593,0.938940950412134
02,24,63,64,4.362136253781425,114.24394162110232,1.813395898747656,0.0381826483915334,0,0,0,0.6710227233052077,0.908065566910106
02,25,57,58,1.746200742688124,58.38126888416596,1.024232787441508,0.0299102910242111,0,0,0,0.476831503854495,0.9553606092527026
02,26,21,22,6.508708475657085,33.549038382137546,1.597573256292264,0.1940058132671398,0,0,0,0.5715366771823757,0.9284350846716476
02,27,0,1,0.0,0.0,0.0,0.0,0,0,0,0.0,0.0
02,28,0,1,0.0,0.0,0.0,0.0,0,0,0,0.0,0.0
02,29,1,2,0.4943916435603669,0.4943916435603669,0.4943916435603669,1.0,0,0,0,0.3475664805680878,0.978960804766282
02,30,23,24,1.165573120678974,24.472208251329462,1.0640090544056289,0.0476284407483192,0,0,0,0.6237367946303569,0.9535413046714144
02,31,0,1,0.0,0.0,0.0,0.0,0,0,0,0.0,0.0
02,32,37,38,10.09459837708202,87.75312257522694,2.371706015546674,0.1150340646673667,0,0,0,0.5552242839105458,0.8813109941959171
02,33,34,35,14.008534371956552,68.54780535808786,2.0161119222967017,0.2043615298663052,0,0,0,0.4390215335792409,0.907746308880607
02,34,0,1,0.0,0.0,0.0,0.0,0,0,0,0.0,0.0
02,35,21,22,9.672995866640438,48.6319263718547,2.315806017707367,0.1989021737012375,0,0,0,0.5613632911717658,0.8476385592429837
02,36,29,30,6.320536237884753,47.286425514110014,1.6305663970382764,0.133664919036833,0,0,0,0.4589389904252033,0.916059368107056
02,37,1,2,5.11025162566224,5.110251625662241,5.110251625662241,1.0,0,0,0,0.3253981482030996,0.71218039420297
02,38,23,24,1.395580773475552,23.9694648997038,1.0421506478132083,0.0582232761271528,0,0,0,0.622937535185579,0.954541932501284
02,39,23,24,17.603072856525216,47.10781451157849,2.0481658483294995,0.3736762793824495,0,0,0,0.3685362045893044,0.879057798155809
02,40,22,23,9.65071492059228,55.10439122898853,2.5047450558631152,0.1751351336137322,0,0,0,0.526956542427179,0.882333197167618
02,41,0,1,0.0,0.0,0.0,0.0,0,0,0,0.0,0.0
02,42,14,15,3.6677927651494433,23.08235199722437,1.6487394283731696,0.158900304682577,0,0,0,0.4367851771216762,0.925955213471957
02,43,13,14,5.470226021536597,20.35801304247157,1.5660010032670435,0.2687013713039886,0,0,0,0.6580140022437496,0.9299587119264512
02,44,7,8,3.150212742323521,8.056396235142321,1.1509137478774745,0.3910200852066048,0,0,0,0.486610102096483,0.9495420808846076
02,45,5,6,5.13780738789621,13.926908948806718,2.7853817897613435,0.3689122551732074,0,0,0,0.7221820052880712,0.8670500680287992
02,46,4,5,6.455871660875069,12.943946172741986,3.2359865431854966,0.4987560651689179,0,0,0,0.6277326512663155,0.7643895690416823
